Индекс,Тип региона,Регион,Город,Население
301414,обл,Тульская,Чекалин,994
678530,Респ,Саха /Якутия/,Верхоянск,1311
694530,обл,Сахалинская,Курильск,2070
184640,обл,Мурманская,Островной,2177
662951,край,Красноярский,Артемовск,2180
606125,обл,Нижегородская,Горбатов,2278
694550,обл,Сахалинская,Северо-Курильск,2381
636615,обл,Томская,Кедровый,2451
165330,обл,Архангельская,Сольвычегодск,2460
678790,Респ,Саха /Якутия/,Среднеколымск,3525
164750,обл,Архангельская,Мезень,3599
172530,обл,Тверская,Белый,3771
303500,обл,Орловская,Новосиль,3799
303370,обл,Орловская,Малоархангельск,3872
617040,край,Пермский,Чермоз,4017
689400,АО,Чукотский,Певек,4161
187050,обл,Ленинградская,Любань,4188
216200,обл,Смоленская,Духовщина,4370
181600,обл,Псковская,Гдов,4379
694820,обл,Сахалинская,Томари,4537
162107,обл,Вологодская,Кадников,4797
618601,край,Пермский,Чердынь,4920
668510,Респ,Тыва,Туран,4988
143330,обл,Московская,Верея,5368
689450,АО,Чукотский,Билибино,5504
171660,обл,Тверская,Красный Холм,5608
618460,край,Пермский,Усолье,5694
165160,обл,Архангельская,Шенкурск,5702
391030,обл,Рязанская,Спас-Клепики,5917
303240,обл,Орловская,Дмитровск,5956
412950,обл,Саратовская,Шиханы,6067
663200,край,Красноярский,Игарка,6183
676470,обл,Амурская,Циолковский,6208
391550,обл,Рязанская,Шацк,6562
694140,обл,Сахалинская,Макаров,6788
601570,обл,Владимирская,Курлово,6791
397400,обл,Воронежская,Новохоперск,6849
172332,обл,Тверская,Зубцов,6937
433380,обл,Ульяновская,Сенгилей,6959
162341,обл,Вологодская,Красавино,7003
442300,обл,Пензенская,Сурск,7032
431220,Респ,Мордовия,Темников,7247
171720,обл,Тверская,Весьегонск,7330
216240,обл,Смоленская,Демидов,7333
442600,обл,Пензенская,Спасск,7442
301205,обл,Тульская,Советск,7537
618100,край,Пермский,Оханск,7597
216290,обл,Смоленская,Велиж,7620
161100,обл,Вологодская,Кириллов,7735
422610,Респ,Татарстан,Лаишево,7735
391050,обл,Рязанская,Спасск-Рязанский,7745
678953,Респ,Саха /Якутия/,Томмот,8054
442310,обл,Пензенская,Городище,8102
215279,обл,Смоленская,Сычевка,8111
172800,обл,Тверская,Андреаполь,8265
694030,обл,Сахалинская,Анива,8449
298676,Респ,Крым,Ялта,8497
161440,обл,Вологодская,Никольск,8515
442250,обл,Пензенская,Белинский,8567
171360,обл,Тверская,Старица,8610
422840,Респ,Татарстан,Болгар,8650
431430,Респ,Мордовия,Инсар,8687
301264,обл,Тульская,Липки,8741
216450,обл,Смоленская,Починок,8776
624380,обл,Свердловская,Верхотурье,8815
187450,обл,Ленинградская,Новая Ладога,8890
606860,обл,Нижегородская,Ветлуга,8956
668110,Респ,Тыва,Чадан,9037
182670,обл,Псковская,Дно,9061
601110,обл,Владимирская,Костерево,9136
623080,обл,Свердловская,Михайловск,9215
403441,обл,Волгоградская,Серафимович,9368
172610,обл,Тверская,Западная Двина,9376
431860,Респ,Мордовия,Ардатов,9400
457670,обл,Челябинская,Верхнеуральск,9459
624320,обл,Свердловская,Верхняя Тура,9468
162840,обл,Вологодская,Устюжна,9478
297345,Респ,Крым,Старый Крым,9485
678100,Респ,Саха /Якутия/,Олекминск,9487
678000,Респ,Саха /Якутия/,Покровск,9495
676011,обл,Амурская,Сковородино,9561
161200,обл,Вологодская,Белозерск,9614
429060,Чувашия,Чувашская Республика,Ядрин,9614
301280,обл,Тульская,Болохово,9619
161300,обл,Вологодская,Тотьма,9784
606072,обл,Нижегородская,Володарск,9924
172110,обл,Тверская,Кувшиново,10008
624940,обл,Свердловская,Волчанск,10008
216790,обл,Смоленская,Рудня,10029
368890,Респ,Дагестан,Южно-Сухокумск,10048
162250,обл,Вологодская,Харовск,10078
216330,обл,Смоленская,Ельня,10095
164110,обл,Архангельская,Каргополь,10148
431260,Респ,Мордовия,Краснослободск,10151
678450,Респ,Саха /Якутия/,Нюрба,10156
429570,Чувашия,Чувашская Республика,Мариинский Посад,10186
456007,обл,Челябинская,Миньяр,10195
678200,Респ,Саха /Якутия/,Вилюйск,10233
429430,Чувашия,Чувашская Республика,Козловка,10355
162900,обл,Вологодская,Вытегра,10490
601291,обл,Владимирская,Суздаль,10535
658480,край,Алтайский,Змеиногорск,10569
694420,обл,Сахалинская,Александровск-Сахалинский,10613
632400,обл,Новосибирская,Каргат,10620
141650,обл,Московская,Высоковск,10642
663960,край,Красноярский,Заозерный,10683
215710,обл,Смоленская,Дорогобуж,10720
363410,Респ,Северная Осетия - Алания,Дигора,10856
668210,Респ,Тыва,Шагонар,10958
618270,край,Пермский,Гремячинск,11005
427950,Респ,Удмуртская,Камбарка,11028
298213,Респ,Крым,Щелкино,11194
623090,обл,Свердловская,Нижние Серги,11217
416111,обл,Астраханская,Нариманов,11386
397030,обл,Воронежская,Эртиль,11387
303140,обл,Орловская,Болхов,11421
676870,обл,Амурская,Завитинск,11481
299703,г,Севастополь,Инкерман,11526
422370,Респ,Татарстан,Тетюши,11596
606120,обл,Нижегородская,Ворсма,11622
694740,обл,Сахалинская,Невельск,11682
391710,обл,Рязанская,Михайлов,11783
396790,обл,Воронежская,Богучар,11811
142660,обл,Московская,Дрезна,11815
624160,обл,Свердловская,Верхний Тагил,11843
601351,обл,Владимирская,Судогда,11848
694920,обл,Сахалинская,Углегорск,11880
632550,обл,Новосибирская,Чулым,11964
646330,обл,Омская,Тюкалинск,12050
162480,обл,Вологодская,Бабаево,12074
646100,обл,Омская,Называевск,12119
655111,Респ,Хакасия,Сорск,12140
694051,обл,Сахалинская,Долинск,12200
171210,обл,Тверская,Лихославль,12259
618820,край,Пермский,Горнозаводск,12334
624400,обл,Свердловская,Новая Ляля,12400
456971,обл,Челябинская,Нязепетровск,12452
456120,обл,Челябинская,Юрюзань,12568
678188,Респ,Саха /Якутия/,Удачный,12611
391200,обл,Рязанская,Кораблино,12657
663920,край,Красноярский,Уяр,12666
385200,Респ,Адыгея,Адыгейск,12689
184682,обл,Мурманская,Снежногорск,12698
412210,обл,Саратовская,Аркадак,12846
172840,обл,Тверская,Торопец,13018
658420,край,Алтайский,Горняк,13040
689000,АО,Чукотский,Анадырь,13053
601300,обл,Владимирская,Камешково,13113
456140,обл,Челябинская,Карабаш,13151
412780,обл,Саратовская,Хвалынск,13199
403840,обл,Волгоградская,Петров Вал,13264
141321,обл,Московская,Краснозаводск,13432
668050,Респ,Тыва,Ак-Довурак,13469
429900,Чувашия,Чувашская Республика,Цивильск,13478
143100,обл,Московская,Руза,13495
141900,обл,Московская,Талдом,13819
171571,обл,Тверская,Калязин,13870
641730,обл,Курганская,Далматово,13913
301530,обл,Тульская,Белев,13918
601480,обл,Владимирская,Гороховец,14015
141320,обл,Московская,Пересвет,14142
624000,обл,Свердловская,Арамиль,14227
404002,обл,Волгоградская,Дубовка,14345
601670,обл,Владимирская,Струнино,14372
413230,обл,Саратовская,Красный Кут,14420
422190,Респ,Татарстан,Мамадыш,14432
456020,обл,Челябинская,Сим,14465
682950,край,Хабаровский,Вяземский,14556
663491,край,Красноярский,Кодинск,14835
601640,обл,Владимирская,Карабаново,14868
617140,край,Пермский,Очер,15003
618320,край,Пермский,Александровск,15022
347320,обл,Ростовская,Цимлянск,15029
659900,край,Алтайский,Белокуриха,15072
404030,обл,Волгоградская,Николаевск,15081
184230,обл,Мурманская,Полярные Зори,15106
601140,обл,Владимирская,Петушки,15167
602101,обл,Владимирская,Меленки,15208
393670,обл,Тамбовская,Жердевка,15211
301320,обл,Тульская,Венев,15220
298000,Респ,Крым,Судак,15368
632730,обл,Новосибирская,Купино,15448
623270,обл,Свердловская,Дегтярск,15521
404620,обл,Волгоградская,Ленинск,15527
162000,обл,Вологодская,Грязовец,15528
601240,обл,Владимирская,Лакинск,15707
152070,обл,Ярославская,Данилов,15861
404260,обл,Волгоградская,Палласовка,15984
404160,обл,Волгоградская,Краснослободск,16007
433300,обл,Ульяновская,Новоульяновск,16032
662251,край,Красноярский,Ужур,16079
462780,обл,Оренбургская,Ясный,16082
663800,край,Красноярский,Иланский,16108
171640,обл,Тверская,Кашин,16174
301470,обл,Тульская,Плавск,16248
416340,обл,Астраханская,Камызяк,16291
143180,обл,Московская,Звенигород,16395
412480,обл,Саратовская,Калининск,16442
694240,обл,Сахалинская,Поронайск,16461
423700,Респ,Татарстан,Мензелинск,16474
301030,обл,Тульская,Ясногорск,16804
403790,обл,Волгоградская,Жирновск,16890
633340,обл,Новосибирская,Болотное,16969
456833,обл,Челябинская,Касли,16998
413360,обл,Саратовская,Новоузенск,17015
655750,Респ,Хакасия,Абаза,17111
618590,край,Пермский,Красновишерск,17129
433750,обл,Ульяновская,Барыш,17149
682970,край,Хабаровский,Бикин,17156
393360,обл,Тамбовская,Кирсанов,17240
184650,обл,Мурманская,Полярный,17304
457020,обл,Челябинская,Пласт,17344
663980,край,Красноярский,Бородино,17423
143040,обл,Московская,Голицыно,17447
456110,обл,Челябинская,Катав-Ивановск,17640
397350,обл,Воронежская,Поворино,17692
601120,обл,Владимирская,Покров,17762
624590,обл,Свердловская,Ивдель,17764
152240,обл,Ярославская,Гаврилов-Ям,17792
403950,обл,Волгоградская,Новоаннинский,17911
347250,обл,Ростовская,Константиновск,17926
624740,обл,Свердловская,Нижняя Салда,17969
623900,обл,Свердловская,Туринск,17990
172730,обл,Тверская,Осташков,18073
658837,край,Алтайский,Яровое,18085
422000,Респ,Татарстан,Арск,18114
297600,Респ,Крым,Белогорск,18199
600910,обл,Владимирская,Радужный,18212
623640,обл,Свердловская,Талица,18339
391110,обл,Рязанская,Рыбное,18378
143360,обл,Московская,Апрелевка,18467
433030,обл,Ульяновская,Инза,18547
446600,обл,Самарская,Нефтегорск,18732
663150,край,Красноярский,Енисейск,18769
363330,Респ,Северная Осетия - Алания,Ардон,18774
456940,обл,Челябинская,Куса,18792
301430,обл,Тульская,Суворов,18975
617000,край,Пермский,Нытва,19041
422230,Респ,Татарстан,Агрыз,19299
391160,обл,Рязанская,Новомичуринск,19309
187026,обл,Ленинградская,Никольское,19345
633520,обл,Новосибирская,Черепаново,19346
601201,обл,Владимирская,Собинка,19482
601800,обл,Владимирская,Юрьев-Польский,19588
397700,обл,Воронежская,Бобров,19738
676301,обл,Амурская,Шимановск,19815
671840,Респ,Бурятия,Кяхта,20013
397600,обл,Воронежская,Калач,20046
142290,обл,Московская,Пущино,20263
347540,обл,Ростовская,Пролетарск,20267
618350,край,Пермский,Кизел,20277
628160,АО,Ханты-Мансийский Автономный округ - Югра,Белоярский,20283
422430,Респ,Татарстан,Буинск,20342
624070,обл,Свердловская,Среднеуральск,20357
629850,АО,Ямало-Ненецкий,Тарко-Сале,20372
404350,обл,Волгоградская,Котельниково,20441
676770,обл,Амурская,Райчихинск,20499
404410,обл,Волгоградская,Суровикино,20527
624021,обл,Свердловская,Сысерть,20594
461743,обл,Оренбургская,Абдулино,20663
363240,Респ,Северная Осетия - Алания,Алагир,20949
456900,обл,Челябинская,Бакал,20953
142432,обл,Московская,Черноголовка,20986
662060,край,Красноярский,Боготол,21029
140170,обл,Московская,Бронницы,21102
425350,Респ,Марий Эл,Козьмодемьянск,21262
140730,обл,Московская,Рошаль,21265
678900,Респ,Саха /Якутия/,Алдан,21277
166000,АО,Ненецкий,Нарьян-Мар,21296
431350,Респ,Мордовия,Ковылкино,21307
164840,обл,Архангельская,Онега,21359
413500,обл,Саратовская,Ершов,21447
633450,обл,Новосибирская,Тогучин,21531
352680,край,Краснодарский,Хадыженск,21580
624220,обл,Свердловская,Нижняя Тура,21596
141370,обл,Московская,Хотьково,21612
391960,обл,Рязанская,Ряжск,21676
142620,обл,Московская,Куровское,21821
142450,обл,Московская,Старая Купавна,21859
624140,обл,Свердловская,Кировград,21959
423650,Респ,Татарстан,Менделеевск,22075
423930,Респ,Татарстан,Бавлы,22109
647000,край,Красноярский,Дудинка,22207
164200,обл,Архангельская,Няндома,22354
346310,обл,Ростовская,Зверево,22416
618120,край,Пермский,Оса,22420
296012,Респ,Крым,Армянск,22468
442317,обл,Пензенская,Никольск,22471
357340,край,Ставропольский,Лермонтов,22540
141150,обл,Московская,Лосино-Петровский,22550
442150,обл,Пензенская,Нижний Ломов,22678
617119,край,Пермский,Верещагино,22760
682460,край,Хабаровский,Николаевск-на-Амуре,22773
172520,обл,Тверская,Нелидово,22886
143070,обл,Московская,Кубинка,22918
694490,обл,Сахалинская,Оха,23007
629830,АО,Ямало-Ненецкий,Губкинский,23340
143600,обл,Московская,Волоколамск,23386
296500,Респ,Крым,Саки,23400
171070,обл,Тверская,Бологое,23499
456040,обл,Челябинская,Усть-Катав,23586
671700,Респ,Бурятия,Северобайкальск,23673
692880,край,Приморский,Фокино,23683
187330,обл,Ленинградская,Отрадное,23874
346630,обл,Ростовская,Семикаракорск,23884
165150,обл,Архангельская,Вельск,23885
646900,обл,Омская,Калачинск,24000
403801,обл,Волгоградская,Котово,24104
636460,обл,Томская,Колпашево,24126
412800,обл,Саратовская,Красноармейск,24362
357400,край,Ставропольский,Железноводск,24496
171980,обл,Тверская,Бежецк,24517
140600,обл,Московская,Зарайск,24648
678141,Респ,Саха /Якутия/,Ленск,24955
624330,обл,Свердловская,Красноуральск,24973
676151,обл,Амурская,Зея,25042
396420,обл,Воронежская,Павловск,25126
624191,обл,Свердловская,Невьянск,25147
607600,обл,Нижегородская,Богородск,25497
301260,обл,Тульская,Киреевск,25585
636840,обл,Томская,Асино,25614
412420,обл,Саратовская,Аткарск,25620
627139,обл,Тюменская,Заводоуковск,25657
140560,обл,Московская,Озеры,25788
646020,обл,Омская,Исилькуль,25905
396900,обл,Воронежская,Семилуки,26025
356630,край,Ставропольский,Ипатово,26055
632120,обл,Новосибирская,Татарск,26114
462240,обл,Оренбургская,Кувандык,26176
141290,обл,Московская,Красноармейск,26294
461504,обл,Оренбургская,Соль-Илецк,26308
298400,Респ,Крым,Бахчисарай,26363
628240,АО,Ханты-Мансийский Автономный округ - Югра,Советский,26434
357300,край,Ставропольский,Новопавловск,26556
646530,обл,Омская,Тара,26664
356000,край,Ставропольский,Новоалександровск,26759
624250,обл,Свердловская,Заречный,26803
393460,обл,Тамбовская,Уварово,26829
347740,обл,Ростовская,Зерноград,26850
624860,обл,Свердловская,Камышлов,26875
404500,обл,Волгоградская,Калач-на-Дону,26892
629400,АО,Ямало-Ненецкий,Лабытнанги,26948
397500,обл,Воронежская,Бутурлиновка,27208
445240,обл,Самарская,Октябрьск,27244
462271,обл,Оренбургская,Медногорск,27253
618250,край,Пермский,Губаха,27544
692130,край,Приморский,Дальнереченск,27601
347210,обл,Ростовская,Морозовск,27644
356880,край,Ставропольский,Нефтекумск,27700
682800,край,Хабаровский,Советская Гавань,27712
391430,обл,Рязанская,Сасово,28117
446450,обл,Самарская,Похвистнево,28181
663081,край,Красноярский,Дивногорск,28271
301720,обл,Тульская,Кимовск,28493
658125,край,Алтайский,Алейск,28528
298500,Респ,Крым,Алушта,28642
632860,обл,Новосибирская,Карасук,28929
624930,обл,Свердловская,Карпинск,29118
457353,обл,Челябинская,Карталы,29136
624480,обл,Свердловская,Североуральск,29279
143530,обл,Московская,Дедовск,29280
416540,обл,Астраханская,Знаменск,29357
296000,Респ,Крым,Красноперекопск,29564
216400,обл,Смоленская,Десногорск,29677
140500,обл,Московская,Луховицы,29849
601010,обл,Владимирская,Киржач,30044
461900,обл,Оренбургская,Сорочинск,30136
456580,обл,Челябинская,Еманжелинск,30218
164170,обл,Архангельская,Мирный,30259
658820,край,Алтайский,Славгород,30370
391800,обл,Рязанская,Скопин,30374
456800,обл,Челябинская,Верхний Уфалей,30504
368670,Респ,Дагестан,Дагестанские Огни,30671
606500,обл,Нижегородская,Городец,30699
619000,край,Пермский,Кудымкар,30711
694620,обл,Сахалинская,Холмск,30936
171841,обл,Тверская,Удомля,31048
412540,обл,Саратовская,Петровск,31158
142670,обл,Московская,Ликино-Дулево,31331
143200,обл,Московская,Можайск,31388
413075,обл,Саратовская,Маркс,31535
162390,обл,Вологодская,Великий Устюг,31664
215010,обл,Смоленская,Гагарин,31721
623530,обл,Свердловская,Богданович,31752
393190,обл,Тамбовская,Котовск,31851
301830,обл,Тульская,Богородицк,31897
456015,обл,Челябинская,Аша,31916
423040,Респ,Татарстан,Нурлат,32600
396070,обл,Воронежская,Нововоронеж,32635
356420,край,Ставропольский,Благодарный,32736
140700,обл,Московская,Шатура,32836
623780,обл,Свердловская,Артемовский,32878
624300,обл,Свердловская,Кушва,33027
662500,край,Красноярский,Сосновоборск,33090
617830,край,Пермский,Чернушка,33275
629601,АО,Ямало-Ненецкий,Муравленко,33401
429120,Чувашия,Чувашская Республика,Шумерля,33412
391300,обл,Рязанская,Касимов,33494
694020,обл,Сахалинская,Корсаков,33526
456080,обл,Челябинская,Трехгорный,33678
397837,обл,Воронежская,Острогожск,33842
628260,АО,Ханты-Мансийский Автономный округ - Югра,Югорск,34066
446430,обл,Самарская,Кинель,34472
624800,обл,Свердловская,Сухой Лог,34836
423330,Респ,Татарстан,Азнакаево,34859
143500,обл,Московская,Истра,35106
442890,обл,Пензенская,Сердобск,35393
623950,обл,Свердловская,Тавда,35421
676280,обл,Амурская,Тында,35574
296100,Респ,Крым,Джанкой,35700
618730,край,Пермский,Добрянка,35720
357910,край,Ставропольский,Зеленокумск,35790
143090,обл,Московская,Краснознаменск,36057
368120,Респ,Дагестан,Кизилюрт,36187
346130,обл,Ростовская,Миллерово,36493
627010,обл,Тюменская,Ялуторовск,36494
363020,Респ,Северная Осетия - Алания,Беслан,36724
692031,край,Приморский,Лесозаводск,36975
678170,Респ,Саха /Якутия/,Мирный,37179
142280,обл,Московская,Протвино,37308
692437,край,Приморский,Дальнегорск,37503
457040,обл,Челябинская,Южноуральск,37890
624600,обл,Свердловская,Алапаевск,38198
429820,Чувашия,Чувашская Республика,Алатырь,38202
462631,обл,Оренбургская,Гай,38302
623850,обл,Свердловская,Ирбит,38352
162129,обл,Вологодская,Сокол,38454
356530,край,Ставропольский,Светлоград,38520
662310,край,Красноярский,Шарыпово,38570
692851,край,Приморский,Партизанск,38648
623750,обл,Свердловская,Реж,38709
363750,Респ,Северная Осетия - Алания,Моздок,38748
456550,обл,Челябинская,Коркино,38950
456870,обл,Челябинская,Кыштым,38950
692801,край,Приморский,Большой Камень,39257
628280,АО,Ханты-Мансийский Автономный округ - Югра,Урай,39435
403530,обл,Волгоградская,Фролово,39489
442240,обл,Пензенская,Каменка,39579
165650,обл,Архангельская,Коряжма,39629
606520,обл,Нижегородская,Заволжье,40265
356140,край,Ставропольский,Изобильный,40546
164900,обл,Архангельская,Новодвинск,40612
346350,обл,Ростовская,Красный Сулин,40866
601440,обл,Владимирская,Вязники,41252
412030,обл,Саратовская,Ртищево,41295
171250,обл,Тверская,Конаково,41303
393950,обл,Тамбовская,Моршанск,41550
403110,обл,Волгоградская,Урюпинск,41594
413720,обл,Саратовская,Пугачев,41705
658700,край,Алтайский,Камень-на-Оби,41787
423520,Респ,Татарстан,Заинск,41798
142900,обл,Московская,Кашира,41880
416500,обл,Астраханская,Ахтубинск,41898
346720,обл,Ростовская,Аксай,41984
636780,обл,Томская,Стрежевой,42216
301840,обл,Тульская,Ефремов,42350
629000,АО,Ямало-Ненецкий,Салехард,42494
624350,обл,Свердловская,Качканар,42563
682640,край,Хабаровский,Амурск,42977
303030,обл,Орловская,Мценск,43216
352330,край,Краснодарский,Усть-Лабинск,43268
456439,обл,Челябинская,Чебаркуль,43405
347040,обл,Ростовская,Белая Калитва,43688
692230,край,Приморский,Спасск-Дальний,44166
456913,обл,Челябинская,Сатка,45465
392000,обл,Тамбовская,Рассказово,45484
429330,Чувашия,Чувашская Республика,Канаш,45608
366200,Респ,Чеченская,Гудермес,45643
601780,обл,Владимирская,Кольчугино,45804
215500,обл,Смоленская,Сафоново,46116
624760,обл,Свердловская,Верхняя Салда,46240
629733,АО,Ямало-Ненецкий,Надым,46550
618200,край,Пермский,Чусовой,46740
659100,край,Алтайский,Заринск,47035
140090,обл,Московская,Дзержинский,47125
632380,обл,Новосибирская,Куйбышев,47278
431440,Респ,Мордовия,Рузаевка,47529
172000,обл,Тверская,Торжок,47702
446300,обл,Самарская,Отрадный,47709
366300,Респ,Чеченская,Шали,47715
215800,обл,Смоленская,Ярцево,47853
427770,Респ,Удмуртская,Можга,47959
456770,обл,Челябинская,Снежинск,48896
366500,Респ,Чеченская,,49071
368830,Респ,Дагестан,Кизляр,49169
171500,обл,Тверская,Кимры,49623
655602,Респ,Хакасия,Саяногорск,49889
184601,обл,Мурманская,Североморск,50076
346330,обл,Ростовская,Донецк,50085
303850,обл,Орловская,Ливны,50430
606407,обл,Нижегородская,Балахна,51526
623700,обл,Свердловская,Березовский,51583
461630,обл,Оренбургская,Бугуруслан,52249
171150,обл,Тверская,Вышний Волочек,52326
624200,обл,Свердловская,Лесной,52464
617060,край,Пермский,Краснокамск,52632
662200,край,Красноярский,Назарово,52829
141501,обл,Московская,Солнечногорск,52996
216500,обл,Смоленская,Рославль,54898
140080,обл,Московская,Лыткарино,55147
301600,обл,Тульская,Узловая,55282
141190,обл,Московская,Фрязино,55449
397900,обл,Воронежская,Лиски,55864
607060,обл,Нижегородская,Выкса,56196
368500,Респ,Дагестан,Избербаш,56301
692330,край,Приморский,Арсеньев,56742
142700,обл,Московская,Видное,56798
215110,обл,Смоленская,Вязьма,57103
445350,обл,Самарская,Жигулевск,57565
301240,обл,Тульская,Щекино,58154
676450,обл,Амурская,Свободный,58594
141280,обл,Московская,Ивантеевка,58594
624090,обл,Свердловская,Верхняя Пышма,58707
403340,обл,Волгоградская,Михайловка,59153
624440,обл,Свердловская,Краснотурьинск,59701
165300,обл,Архангельская,Котлас,60562
142300,обл,Московская,Чехов,60677
422951,Респ,Татарстан,Чистополь,60703
601500,обл,Владимирская,Гусь-Хрустальный,60773
662541,край,Красноярский,Лесосибирск,61146
347630,обл,Ростовская,Сальск,61312
141800,обл,Московская,Дмитров,61454
601650,обл,Владимирская,Александров,61544
623280,обл,Свердловская,Ревда,61713
301352,обл,Тульская,Алексин,61738
678960,Респ,Саха /Якутия/,Нерюнгри,61746
172380,обл,Тверская,Ржев,62026
649000,Респ,Алтай,Горно-Алтайск,62861
396650,обл,Воронежская,Россошь,62865
442960,обл,Пензенская,Заречный,63579
142500,обл,Московская,Павловский Посад,63771
423250,Респ,Татарстан,Лениногорск,64145
623382,обл,Свердловская,Полевской,64316
301760,обл,Тульская,Донской,64561
356800,край,Ставропольский,Буденновск,64628
143300,обл,Московская,Наро-Фоминск,64640
397160,обл,Воронежская,Борисоглебск,65585
368220,Респ,Дагестан,Буйнакск,65735
663690,край,Красноярский,Зеленогорск,66018
412900,обл,Саратовская,Вольск,66520
142800,обл,Московская,Ступино,66942
347870,обл,Ростовская,Гуково,67268
618900,край,Пермский,Лысьва,67712
617470,край,Пермский,Кунгур,67857
676805,обл,Амурская,Белогорск,68220
627705,обл,Тюменская,Ишим,69567
298100,Респ,Крым,Феодосия,69786
624260,обл,Свердловская,Асбест,70067
140300,обл,Московская,Егорьевск,70133
141980,обл,Московская,Дубна,70569
423600,Респ,Татарстан,Елабуга,70750
356240,край,Ставропольский,Михайловск,71018
662600,край,Красноярский,Минусинск,71171
655151,Респ,Хакасия,Черногорск,72117
357820,край,Ставропольский,Георгиевск,72126
446100,обл,Самарская,Чапаевск,72689
658041,край,Алтайский,Новоалтайск,73134
141055,обл,Московская,Лобня,74350
357200,край,Ставропольский,Минеральные Воды,76715
298600,Респ,Крым,Ялта,78040
606440,обл,Нижегородская,Бор,78079
457100,обл,Челябинская,Троицк,78637
628000,АО,Ханты-Мансийский Автономный округ - Югра,Ханты-Мансийск,79410
623300,обл,Свердловская,Красноуфимск,80457
141601,обл,Московская,Клин,80584
412300,обл,Саратовская,Балашов,82222
456780,обл,Челябинская,Озерск,82268
461040,обл,Оренбургская,Бузулук,82816
346780,обл,Ростовская,Азов,82882
617760,край,Пермский,Чайковский,82933
662970,край,Красноярский,Железногорск,85559
143960,обл,Московская,Реутов,87195
442530,обл,Пензенская,Кузнецк,88886
423230,Респ,Татарстан,Бугульма,89144
141700,обл,Московская,Долгопрудный,90976
140200,обл,Московская,Воскресенск,91301
624130,обл,Свердловская,Новоуральск,91813
663600,край,Красноярский,Канск,94230
347800,обл,Ростовская,Каменск-Шахтинский,95306
427620,Респ,Удмуртская,Глазов,95835
102321,обл,Московская,Домодедово,96123
140100,обл,Московская,Раменское,96355
618541,край,Пермский,Соликамск,97239
422521,Респ,Татарстан,Зеленодольск,97651
462351,обл,Оренбургская,Новотроицк,97914
393760,обл,Тамбовская,Мичуринск,98758
182100,обл,Псковская,Великие Луки,98778
624980,обл,Свердловская,Серов,99381
626109,обл,Тюменская,Тобольск,99698
142400,обл,Московская,Ногинск,99762
427430,Респ,Удмуртская,Воткинск,100034
357600,край,Ставропольский,Ессентуки,100969
427960,Респ,Удмуртская,Сарапул,101390
692486,край,Приморский,Артем,102636
140180,обл,Московская,Жуковский,102729
141200,обл,Московская,Пушкино,102840
368300,Респ,Дагестан,Каспийск,103914
629300,АО,Ямало-Ненецкий,Новый Уренгой,104144
607220,обл,Нижегородская,Арзамас,106367
297402,Респ,Крым,Евпатория,106840
446200,обл,Самарская,Новокуйбышевск,108449
636000,обл,Томская,Северск,108466
662150,край,Красноярский,Ачинск,109156
667000,Респ,Тыва,Кызыл,109906
141100,обл,Московская,Щелково,110380
629800,АО,Ямало-Ненецкий,Ноябрьск,110572
141300,обл,Московская,Сергиев Посад,110878
346900,обл,Ростовская,Новошахтинск,111087
346880,обл,Ростовская,Батайск,112400
602205,обл,Владимирская,Муром,116078
143401,обл,Московская,Красногорск,116738
357100,край,Ставропольский,Невинномысск,118351
403870,обл,Волгоградская,Камышин,119924
368000,Респ,Дагестан,Дербент,119961
142600,обл,Московская,Орехово-Зуево,120620
433500,обл,Ульяновская,Димитровград,122549
429950,Чувашия,Чувашская Республика,Новочебоксарск,124094
142200,обл,Московская,Серпухов,126496
357700,край,Ставропольский,Кисловодск,128502
301650,обл,Тульская,Новомосковск,131227
456600,обл,Челябинская,Копейск,137604
143000,обл,Московская,Одинцово,139021
357500,край,Ставропольский,Пятигорск,142397
385000,Респ,Адыгея,Майкоп,144055
298300,Респ,Крым,Керчь,144600
140400,обл,Московская,Коломна,144642
601900,обл,Владимирская,Ковров,145492
423403,Респ,Татарстан,Альметьевск,146309
658200,край,Алтайский,Рубцовск,146386
623100,обл,Свердловская,Первоуральск,149800
456300,обл,Челябинская,Миасс,151812
618400,край,Пермский,Березники,156350
692500,край,Приморский,Уссурийск,157946
692900,край,Приморский,Находка,159695
655000,Респ,Хакасия,Абакан,165183
346400,обл,Ростовская,Новочеркасск,169039
347360,обл,Ростовская,Волгодонск,170621
140000,обл,Московская,Люберцы,171978
141000,обл,Московская,Мытищи,173341
623400,обл,Свердловская,Каменск-Уральский,174710
456200,обл,Челябинская,Златоуст,174985
663300,край,Красноярский,Норильск,175301
446000,обл,Самарская,Сызрань,178773
693000,обл,Сахалинская,Южно-Сахалинск,181727
141070,обл,Московская,Королев,183452
142100,обл,Московская,Подольск,187956
164500,обл,Архангельская,Северодвинск,192265
413840,обл,Саратовская,Балаково,199576
413100,обл,Саратовская,Энгельс,202838
659300,край,Алтайский,Бийск,203826
141400,обл,Московская,Химки,207125
675000,обл,Амурская,Благовещенск,214397
143900,обл,Московская,Балашиха,215353
423570,Респ,Татарстан,Нижнекамск,234108
462400,обл,Оренбургская,Орск,238006
346500,обл,Ростовская,Шахты,240152
606000,обл,Нижегородская,Дзержинск,240762
347900,обл,Ростовская,Таганрог,257692
681000,край,Хабаровский,Комсомольск-на-Амуре,263906
677000,Респ,Саха /Якутия/,Якутск,269486
364000,Респ,Чеченская,Грозный,271596
430000,Респ,Мордовия,Саранск,297425
160000,обл,Вологодская,Вологда,301642
628400,АО,Ханты-Мансийский Автономный округ - Югра,Сургут,306703
362000,Респ,Северная Осетия - Алания,Владикавказ,311635
162600,обл,Вологодская,Череповец,312311
404100,обл,Волгоградская,Волжский,314436
302000,обл,Орловская,Орёл,317854
214000,обл,Смоленская,Смоленск,326863
299001,г,Севастополь,,344479
600000,обл,Владимирская,Владимир,348256
163000,обл,Архангельская,Архангельск,348716
622000,обл,Свердловская,Нижний Тагил,361883
295000,Респ,Крым,Симферополь,362366
355000,край,Ставропольский,Ставрополь,398266
170000,обл,Тверская,Тверь,403726
455000,обл,Челябинская,Магнитогорск,408401
670000,Респ,Бурятия,Улан-Удэ,431922
428000,Чувашия,Чувашская Республика,Чебоксары,447929
300000,обл,Тульская,Тула,501129
423800,Респ,Татарстан,Набережные Челны,513242
440000,обл,Пензенская,Пенза,519592
414000,обл,Астраханская,Астрахань,520662
634000,обл,Томская,Томск,522940
390000,обл,Рязанская,Рязань,525062
460000,обл,Оренбургская,Оренбург,570329
680000,край,Хабаровский,Хабаровск,577668
367000,Респ,Дагестан,Махачкала,577990
625000,обл,Тюменская,Тюмень,581758
150000,обл,Ярославская,Ярославль,591486
690000,край,Приморский,Владивосток,592069
432000,обл,Ульяновская,Ульяновск,613793
426000,Респ,Удмуртская,Ижевск,628117
656000,край,Алтайский,Барнаул,635585
445000,обл,Самарская,Тольятти,719484
410000,обл,Саратовская,Саратов,836900
394000,обл,Воронежская,Воронеж,889680
660000,край,Красноярский,Красноярск,973826
614000,край,Пермский,Пермь,1000679
400000,обл,Волгоградская,Волгоград,1021244
344000,обл,Ростовская,Ростов-на-Дону,1091544
454000,обл,Челябинская,Челябинск,1130273
644000,обл,Омская,Омск,1154000
443000,обл,Самарская,Самара,1164900
420000,Респ,Татарстан,Казань,1216965
620000,обл,Свердловская,Екатеринбург,1377738
630000,обл,Новосибирская,Новосибирск,1498921
190000,г,Санкт-Петербург,,4848742
101000,г,Москва,,11514330
